id,collection,dc.contributor.author[en_US],dc.date.accessioned,dc.date.accessioned[],dc.date.available,dc.date.available[],dc.date.issued,dc.date.issued[],dc.description.abstract[en_US],dc.description.provenance[en],dc.format.extent[],dc.identifier.uri,dc.identifier.uri[],dc.language.iso[en_US],dc.subject[en_US],dc.title[en_US],dc.type[en_US]
"2","123456789/3",,"2011-09-22T11:46:08Z",,"2011-09-22T11:46:08Z",,"2011-09-22",,,"Submitted by Douglas Fils (dfils@oceanleadership.org) on 2011-09-22T11:46:04Z
No. of bitstreams: 1
cross_section.gif: 4271 bytes, checksum: 9a0e7e1fcbbebfe8342842fb10264b6b (MD5)||Made available in DSpace on 2011-09-22T11:46:08Z (GMT). No. of bitstreams: 1
cross_section.gif: 4271 bytes, checksum: 9a0e7e1fcbbebfe8342842fb10264b6b (MD5)",,"http://hdl.handle.net/123456789/4",,,"JR","JR Cross Section","Image"
"3","123456789/3",,"2011-09-22T16:56:41Z",,"2011-09-22T16:56:41Z",,"2011-09-22",,,"Submitted by Douglas Fils (dfils@oceanleadership.org) on 2011-09-22T16:56:40Z
No. of bitstreams: 2
NSP_low.pdf: 12196864 bytes, checksum: a3d1d3264bb209fb88c3346eb8709dc1 (MD5)
iodp_sci_plan_broch.pdf: 3541519 bytes, checksum: ae7d6277b774dfb52790b557b8873122 (MD5)||Made available in DSpace on 2011-09-22T16:56:41Z (GMT). No. of bitstreams: 2
NSP_low.pdf: 12196864 bytes, checksum: a3d1d3264bb209fb88c3346eb8709dc1 (MD5)
iodp_sci_plan_broch.pdf: 3541519 bytes, checksum: ae7d6277b774dfb52790b557b8873122 (MD5)",,"http://hdl.handle.net/123456789/5",,,"Science Plan","New Science Plan","Technical Report"
"5","123456789/3",,,"2011-09-22T18:10:43Z",,"2011-09-22T18:10:43Z",,"2011-09-22","Some screencasts for the DESClogik program.","Submitted by Douglas Fils (dfils@oceanleadership.org) on 2011-09-22T18:10:43Z
No. of bitstreams: 3
DESClogik0_Access_Login.mp4: 92408294 bytes, checksum: 16dc619a37420213250626a780541eaa (MD5)
DESClogik1_Data_Entry.mp4: 157490935 bytes, checksum: 5eb1077519d269e283a557051daacc1c (MD5)
DESClogik2_Graphics_Support.mp4: 155802637 bytes, checksum: e3f61e2cd3ce61cf4c0ca6b9c5b2cb57 (MD5)||Made available in DSpace on 2011-09-22T18:10:43Z (GMT). No. of bitstreams: 3
DESClogik0_Access_Login.mp4: 92408294 bytes, checksum: 16dc619a37420213250626a780541eaa (MD5)
DESClogik1_Data_Entry.mp4: 157490935 bytes, checksum: 5eb1077519d269e283a557051daacc1c (MD5)
DESClogik2_Graphics_Support.mp4: 155802637 bytes, checksum: e3f61e2cd3ce61cf4c0ca6b9c5b2cb57 (MD5)","mp4",,"http://hdl.handle.net/123456789/6",,"DESClogik||screencast","DESClogik","Video"
"41","123456789/7","COL","2011-09-29T01:11:52Z",,"2011-09-29T01:11:52Z",,"2011-09-28",,,"Made available in DSpace on 2011-09-29T01:11:52Z (GMT). No. of bitstreams: 1
000586.pdf: 441075 bytes, checksum: b97c2a9967ed9d15318a99753c85be83 (MD5)",,"http://hdl.handle.net/123456789/43",,"en","IODP SODV","DSPD MONTHLY REPORTS 1983-1984 in file 000586.pdf",
"42","123456789/7","COL","2011-09-29T01:11:53Z",,"2011-09-29T01:11:53Z",,"2011-09-28",,,"Made available in DSpace on 2011-09-29T01:11:53Z (GMT). No. of bitstreams: 1
000598.pdf: 6564 bytes, checksum: 8e52b0f8c82ab1881990a6cd09a1eee6 (MD5)",,"http://hdl.handle.net/123456789/44",,"en","IODP SODV","DSPD MONTHLY REPORTS 1983-1984 in file 000598.pdf",
"115","123456789/7","COL","2011-09-29T01:13:44Z",,"2011-09-29T01:13:44Z",,"2011-09-28",,,"Made available in DSpace on 2011-09-29T01:13:44Z (GMT). No. of bitstreams: 1
001280.pdf: 6735159 bytes, checksum: a75138a258aa1340a9a0da163fdbc078 (MD5)",,"http://hdl.handle.net/123456789/117",,"en","IODP SODV","Miscellaneous in file 001280.pdf",
"43","123456789/7","COL","2011-09-29T01:11:53Z",,"2011-09-29T01:11:53Z",,"2011-09-28",,,"Made available in DSpace on 2011-09-29T01:11:53Z (GMT). No. of bitstreams: 1
000599.pdf: 423433 bytes, checksum: 8c9336bfbc7e1274764174dec964155c (MD5)",,"http://hdl.handle.net/123456789/45",,"en","IODP SODV","DSPD MONTHLY REPORTS 1983-1984 in file 000599.pdf",
"116","123456789/7","COL","2011-09-29T01:13:54Z",,"2011-09-29T01:13:54Z",,"2011-09-28",,,"Made available in DSpace on 2011-09-29T01:13:54Z (GMT). No. of bitstreams: 1
001284.pdf: 7038139 bytes, checksum: 4b6e43a0c095b04c7aefcfe40bca5ff4 (MD5)",,"http://hdl.handle.net/123456789/118",,"en","IODP SODV","Miscellaneous in file 001284.pdf",
"44","123456789/7","COL","2011-09-29T01:11:53Z",,"2011-09-29T01:11:53Z",,"2011-09-28",,,"Made available in DSpace on 2011-09-29T01:11:53Z (GMT). No. of bitstreams: 1
000610.pdf: 420446 bytes, checksum: a33de95b4b76a8493fbbf69f095456cd (MD5)",,"http://hdl.handle.net/123456789/46",,"en","IODP SODV","DSPD MONTHLY REPORTS 1983-1984 in file 000610.pdf",
"45","123456789/7","COL","2011-09-29T01:11:53Z",,"2011-09-29T01:11:53Z",,"2011-09-28",,,"Made available in DSpace on 2011-09-29T01:11:53Z (GMT). No. of bitstreams: 1
000621.pdf: 774368 bytes, checksum: 395f2f0c8cbd15d52d7454bf2a7e2b9b (MD5)",,"http://hdl.handle.net/123456789/47",,"en","IODP SODV","DSPD MONTHLY REPORTS 1983-1984 in file 000621.pdf",
"117","123456789/7","COL","2011-09-29T01:14:10Z",,"2011-09-29T01:14:10Z",,"2011-09-28",,,"Made available in DSpace on 2011-09-29T01:14:10Z (GMT). No. of bitstreams: 1
001290.pdf: 10441046 bytes, checksum: c7effbfc3713620edef73daee2a9155b (MD5)",,"http://hdl.handle.net/123456789/119",,"en","IODP SODV","Miscellaneous in file 001290.pdf",
"46","123456789/7","COL","2011-09-29T01:11:53Z",,"2011-09-29T01:11:53Z",,"2011-09-28",,,"Made available in DSpace on 2011-09-29T01:11:53Z (GMT). No. of bitstreams: 1
000641.pdf: 312205 bytes, checksum: bb8e4e9bf92ad20256efba0d163e9e64 (MD5)",,"http://hdl.handle.net/123456789/48",,"en","IODP SODV","DSPD MONTHLY REPORTS 1983-1984 in file 000641.pdf",
"47","123456789/7","COL","2011-09-29T01:11:53Z",,"2011-09-29T01:11:53Z",,"2011-09-28",,,"Made available in DSpace on 2011-09-29T01:11:53Z (GMT). No. of bitstreams: 1
000651.pdf: 627482 bytes, checksum: 2e6f0241615e8bc78a9c430ab0b57b0d (MD5)",,"http://hdl.handle.net/123456789/49",,"en","IODP SODV","DSPD MONTHLY REPORTS 1983-1984 in file 000651.pdf",
"118","123456789/7","COL","2011-09-29T01:14:11Z",,"2011-09-29T01:14:11Z",,"2011-09-28",,,"Made available in DSpace on 2011-09-29T01:14:11Z (GMT). No. of bitstreams: 1
001298.pdf: 7705462 bytes, checksum: 2c2995b6062fc8446257ca75a8888042 (MD5)",,"http://hdl.handle.net/123456789/120",,"en","IODP SODV","Miscellaneous in file 001298.pdf",
"48","123456789/7","COL","2011-09-29T01:11:54Z",,"2011-09-29T01:11:54Z",,"2011-09-28",,,"Made available in DSpace on 2011-09-29T01:11:54Z (GMT). No. of bitstreams: 1
000670.pdf: 285764 bytes, checksum: e5aaa767d2e005b38c2808abb8620083 (MD5)",,"http://hdl.handle.net/123456789/50",,"en","IODP SODV","DSPD MONTHLY REPORTS 1985 in file 000670.pdf",
"49","123456789/7","COL","2011-09-29T01:11:54Z",,"2011-09-29T01:11:54Z",,"2011-09-28",,,"Made available in DSpace on 2011-09-29T01:11:54Z (GMT). No. of bitstreams: 1
000679.pdf: 294569 bytes, checksum: eee623398ff07c4e16f29a2a1456003e (MD5)",,"http://hdl.handle.net/123456789/51",,"en","IODP SODV","DSPD MONTHLY REPORTS 1985 in file 000679.pdf",
"119","123456789/7","COL","2011-09-29T01:14:17Z",,"2011-09-29T01:14:17Z",,"2011-09-28",,,"Made available in DSpace on 2011-09-29T01:14:17Z (GMT). No. of bitstreams: 1
001304.pdf: 19632698 bytes, checksum: cb47b2660e4100e67fd22429e892c9bb (MD5)",,"http://hdl.handle.net/123456789/121",,"en","IODP SODV","Miscellaneous in file 001304.pdf",
"6","123456789/7","COL","2011-09-29T01:11:44Z",,"2011-09-29T01:11:44Z",,"2011-09-28",,,"Made available in DSpace on 2011-09-29T01:11:44Z (GMT). No. of bitstreams: 1
000018.pdf: 1316809 bytes, checksum: fa80c185da610d09ee1254dec1c07580 (MD5)",,"http://hdl.handle.net/123456789/8",,"en","IODP SODV","DSPD MONTHLY REPORTS 1980-81 in file 000018.pdf",
"7","123456789/7","COL","2011-09-29T01:11:46Z",,"2011-09-29T01:11:46Z",,"2011-09-28",,,"Made available in DSpace on 2011-09-29T01:11:46Z (GMT). No. of bitstreams: 1
000033.pdf: 1203297 bytes, checksum: 7d484fa6f046783a6c975873ed46ee01 (MD5)",,"http://hdl.handle.net/123456789/9",,"en","IODP SODV","DSPD MONTHLY REPORTS 1980-81 in file 000033.pdf",
"8","123456789/7","COL","2011-09-29T01:11:46Z",,"2011-09-29T01:11:46Z",,"2011-09-28",,,"Made available in DSpace on 2011-09-29T01:11:46Z (GMT). No. of bitstreams: 1
000052.pdf: 1211709 bytes, checksum: 5c8bdc334e90c29bada8077dc51908ba (MD5)",,"http://hdl.handle.net/123456789/10",,"en","IODP SODV","DSPD MONTHLY REPORTS 1980-81 in file 000052.pdf",
"120","123456789/7","COL","2011-09-29T01:14:17Z",,"2011-09-29T01:14:17Z",,"2011-09-28",,,"Made available in DSpace on 2011-09-29T01:14:17Z (GMT). No. of bitstreams: 1
001316.pdf: 6675975 bytes, checksum: 593ef6046e7a0b56baffd0a6e3f5f502 (MD5)",,"http://hdl.handle.net/123456789/122",,"en","IODP SODV","Miscellaneous in file 001316.pdf",
"9","123456789/7","COL","2011-09-29T01:11:47Z",,"2011-09-29T01:11:47Z",,"2011-09-28",,,"Made available in DSpace on 2011-09-29T01:11:47Z (GMT). No. of bitstreams: 1
000068.pdf: 1182909 bytes, checksum: 99c09b2bc28d063d1764e331eb5e924b (MD5)",,"http://hdl.handle.net/123456789/11",,"en","IODP SODV","DSPD MONTHLY REPORTS 1980-81 in file 000068.pdf",
"10","123456789/7","COL","2011-09-29T01:11:47Z",,"2011-09-29T01:11:47Z",,"2011-09-28",,,"Made available in DSpace on 2011-09-29T01:11:47Z (GMT). No. of bitstreams: 1
000089.pdf: 1081633 bytes, checksum: 15ebca94cb032605524bc668d55b1f96 (MD5)",,"http://hdl.handle.net/123456789/12",,"en","IODP SODV","DSPD MONTHLY REPORTS 1980-81 in file 000089.pdf",
"11","123456789/7","COL","2011-09-29T01:11:47Z",,"2011-09-29T01:11:47Z",,"2011-09-28",,,"Made available in DSpace on 2011-09-29T01:11:47Z (GMT). No. of bitstreams: 1
000108.pdf: 663607 bytes, checksum: 1ddd4af35d5e81c4a108b113e92abacd (MD5)",,"http://hdl.handle.net/123456789/13",,"en","IODP SODV","DSPD MONTHLY REPORTS 1980-81 in file 000108.pdf",
"121","123456789/7","COL","2011-09-29T01:14:19Z",,"2011-09-29T01:14:19Z",,"2011-09-28",,,"Made available in DSpace on 2011-09-29T01:14:19Z (GMT). No. of bitstreams: 1
001322.pdf: 2194440 bytes, checksum: ae57671c6970df58224877c61fd420a7 (MD5)",,"http://hdl.handle.net/123456789/123",,"en","IODP SODV","Miscellaneous in file 001322.pdf",
"12","123456789/7","COL","2011-09-29T01:11:47Z",,"2011-09-29T01:11:47Z",,"2011-09-28",,,"Made available in DSpace on 2011-09-29T01:11:47Z (GMT). No. of bitstreams: 1
000121.pdf: 1114305 bytes, checksum: 2aaf20b4f850bc3a0ed399c0caad93cc (MD5)",,"http://hdl.handle.net/123456789/14",,"en","IODP SODV","DSPD MONTHLY REPORTS 1980-81 in file 000121.pdf",
"13","123456789/7","COL","2011-09-29T01:11:47Z",,"2011-09-29T01:11:47Z",,"2011-09-28",,,"Made available in DSpace on 2011-09-29T01:11:47Z (GMT). No. of bitstreams: 1
000137.pdf: 974590 bytes, checksum: f4bf0c39a8d676d8ff483ea41d19bee9 (MD5)",,"http://hdl.handle.net/123456789/15",,"en","IODP SODV","DSPD MONTHLY REPORTS 1980-81 in file 000137.pdf",
"14","123456789/7","COL","2011-09-29T01:11:48Z",,"2011-09-29T01:11:48Z",,"2011-09-28",,,"Made available in DSpace on 2011-09-29T01:11:48Z (GMT). No. of bitstreams: 1
000153.pdf: 789382 bytes, checksum: c75247d94b5e9b05df50b2654deded69 (MD5)",,"http://hdl.handle.net/123456789/16",,"en","IODP SODV","DSPD MONTHLY REPORTS 1980-81 in file 000153.pdf",
"122","123456789/7","COL","2011-09-29T01:14:40Z",,"2011-09-29T01:14:40Z",,"2011-09-28",,,"Made available in DSpace on 2011-09-29T01:14:40Z (GMT). No. of bitstreams: 1
001324.pdf: 36244327 bytes, checksum: a1d3df006c3d5c8cc8a9e0537d41bde3 (MD5)",,"http://hdl.handle.net/123456789/124",,"en","IODP SODV","Miscellaneous in file 001324.pdf",
"15","123456789/7","COL","2011-09-29T01:11:48Z",,"2011-09-29T01:11:48Z",,"2011-09-28",,,"Made available in DSpace on 2011-09-29T01:11:48Z (GMT). No. of bitstreams: 1
000167.pdf: 1050715 bytes, checksum: eb2a2ab41ff90033d8533f5c95504117 (MD5)",,"http://hdl.handle.net/123456789/17",,"en","IODP SODV","DSPD MONTHLY REPORTS 1980-81 in file 000167.pdf",
"16","123456789/7","COL","2011-09-29T01:11:48Z",,"2011-09-29T01:11:48Z",,"2011-09-28",,,"Made available in DSpace on 2011-09-29T01:11:48Z (GMT). No. of bitstreams: 1
000185.pdf: 895917 bytes, checksum: cd03f5a4695f3e558a58af08d07f18c1 (MD5)",,"http://hdl.handle.net/123456789/18",,"en","IODP SODV","DSPD MONTHLY REPORTS 1980-81 in file 000185.pdf",
"17","123456789/7","COL","2011-09-29T01:11:48Z",,"2011-09-29T01:11:48Z",,"2011-09-28",,,"Made available in DSpace on 2011-09-29T01:11:48Z (GMT). No. of bitstreams: 1
000200.pdf: 1071008 bytes, checksum: b1e2026ca11e70d668d5ed4a90955c56 (MD5)",,"http://hdl.handle.net/123456789/19",,"en","IODP SODV","DSPD MONTHLY REPORTS 1980-81 in file 000200.pdf",
"123","123456789/7","COL","2011-09-29T01:14:42Z",,"2011-09-29T01:14:42Z",,"2011-09-28",,,"Made available in DSpace on 2011-09-29T01:14:42Z (GMT). No. of bitstreams: 1
001348.pdf: 42582635 bytes, checksum: 598172f338fe4dfae29732043be43d45 (MD5)",,"http://hdl.handle.net/123456789/125",,"en","IODP SODV","Miscellaneous in file 001348.pdf",
"18","123456789/7","COL","2011-09-29T01:11:48Z",,"2011-09-29T01:11:48Z",,"2011-09-28",,,"Made available in DSpace on 2011-09-29T01:11:48Z (GMT). No. of bitstreams: 1
000216.pdf: 873813 bytes, checksum: 4999d6b320dbbaee19469426e1428120 (MD5)",,"http://hdl.handle.net/123456789/20",,"en","IODP SODV","DSPD MONTHLY REPORTS 1980-81 in file 000216.pdf",
"19","123456789/7","COL","2011-09-29T01:11:49Z",,"2011-09-29T01:11:49Z",,"2011-09-28",,,"Made available in DSpace on 2011-09-29T01:11:49Z (GMT). No. of bitstreams: 1
000230.pdf: 825589 bytes, checksum: aad059f69e97ec8e5b6608b3d014a607 (MD5)",,"http://hdl.handle.net/123456789/21",,"en","IODP SODV","DSPD MONTHLY REPORTS 1980-81 in file 000230.pdf",
"20","123456789/7","COL","2011-09-29T01:11:49Z",,"2011-09-29T01:11:49Z",,"2011-09-28",,,"Made available in DSpace on 2011-09-29T01:11:49Z (GMT). No. of bitstreams: 1
000244.pdf: 856736 bytes, checksum: b89fb63351deab8e7d424c305ec3fa97 (MD5)",,"http://hdl.handle.net/123456789/22",,"en","IODP SODV","DSPD MONTHLY REPORTS 1980-81 in file 000244.pdf",
"124","123456789/7","COL","2011-09-29T01:14:46Z",,"2011-09-29T01:14:46Z",,"2011-09-28",,,"Made available in DSpace on 2011-09-29T01:14:46Z (GMT). No. of bitstreams: 1
001376.pdf: 27351016 bytes, checksum: 1dd786d9844bedd3badc7ce13c62eef9 (MD5)",,"http://hdl.handle.net/123456789/126",,"en","IODP SODV","Miscellaneous in file 001376.pdf",
"21","123456789/7","COL","2011-09-29T01:11:49Z",,"2011-09-29T01:11:49Z",,"2011-09-28",,,"Made available in DSpace on 2011-09-29T01:11:49Z (GMT). No. of bitstreams: 1
000259.pdf: 945112 bytes, checksum: 87feb672e5c8d03ad1a40356f6991ee6 (MD5)",,"http://hdl.handle.net/123456789/23",,"en","IODP SODV","DSPD MONTHLY REPORTS 1980-81 in file 000259.pdf",
"22","123456789/7","COL","2011-09-29T01:11:49Z",,"2011-09-29T01:11:49Z",,"2011-09-28",,,"Made available in DSpace on 2011-09-29T01:11:49Z (GMT). No. of bitstreams: 1
000275.pdf: 946914 bytes, checksum: b2cd40b223c19ebad6b028b5053fb929 (MD5)",,"http://hdl.handle.net/123456789/24",,"en","IODP SODV","DSPD MONTHLY REPORTS 1980-81 in file 000275.pdf",
"23","123456789/7","COL","2011-09-29T01:11:49Z",,"2011-09-29T01:11:49Z",,"2011-09-28",,,"Made available in DSpace on 2011-09-29T01:11:49Z (GMT). No. of bitstreams: 1
000290.pdf: 1042073 bytes, checksum: 5510f7ad39b564bbafcd3528427175ff (MD5)",,"http://hdl.handle.net/123456789/25",,"en","IODP SODV","DSPD MONTHLY REPORTS 1980-81 in file 000290.pdf",
"125","123456789/7","COL","2011-09-29T01:14:47Z",,"2011-09-29T01:14:47Z",,"2011-09-28",,,"Made available in DSpace on 2011-09-29T01:14:47Z (GMT). No. of bitstreams: 1
001398.pdf: 22617423 bytes, checksum: 7c862c9ca667df39fdb81dfdf9b6d177 (MD5)",,"http://hdl.handle.net/123456789/127",,"en","IODP SODV","Miscellaneous in file 001398.pdf",
"24","123456789/7","COL","2011-09-29T01:11:50Z",,"2011-09-29T01:11:50Z",,"2011-09-28",,,"Made available in DSpace on 2011-09-29T01:11:50Z (GMT). No. of bitstreams: 1
000307.pdf: 997335 bytes, checksum: 8824687a5b1f6ee65a9778dcb7712264 (MD5)",,"http://hdl.handle.net/123456789/26",,"en","IODP SODV","DSPD MONTHLY REPORTS 1980-81 in file 000307.pdf",
"25","123456789/7","COL","2011-09-29T01:11:50Z",,"2011-09-29T01:11:50Z",,"2011-09-28",,,"Made available in DSpace on 2011-09-29T01:11:50Z (GMT). No. of bitstreams: 1
000324.pdf: 836096 bytes, checksum: 30d4b1e9ce552e7c7e5792da4bab5590 (MD5)",,"http://hdl.handle.net/123456789/27",,"en","IODP SODV","DSPD MONTHLY REPORTS 1980-81 in file 000324.pdf",
"26","123456789/7","COL","2011-09-29T01:11:50Z",,"2011-09-29T01:11:50Z",,"2011-09-28",,,"Made available in DSpace on 2011-09-29T01:11:50Z (GMT). No. of bitstreams: 1
000338.pdf: 956774 bytes, checksum: 8826383e0f545d83635706da6d9f00af (MD5)",,"http://hdl.handle.net/123456789/28",,"en","IODP SODV","DSPD MONTHLY REPORTS 1983-1984 in file 000338.pdf",
"126","123456789/7","COL","2011-09-29T01:14:48Z",,"2011-09-29T01:14:48Z",,"2011-09-28",,,"Made available in DSpace on 2011-09-29T01:14:48Z (GMT). No. of bitstreams: 1
001410.pdf: 23666267 bytes, checksum: 614f3769ebffe9e92d8e30610f33bb5c (MD5)",,"http://hdl.handle.net/123456789/128",,"en","IODP SODV","Miscellaneous in file 001410.pdf",
"27","123456789/7","COL","2011-09-29T01:11:51Z",,"2011-09-29T01:11:51Z",,"2011-09-28",,,"Made available in DSpace on 2011-09-29T01:11:51Z (GMT). No. of bitstreams: 1
000356.pdf: 918912 bytes, checksum: c48ecefbdb88213c04607517f5122417 (MD5)",,"http://hdl.handle.net/123456789/29",,"en","IODP SODV","DSPD MONTHLY REPORTS 1983-1984 in file 000356.pdf",
"28","123456789/7","COL","2011-09-29T01:11:51Z",,"2011-09-29T01:11:51Z",,"2011-09-28",,,"Made available in DSpace on 2011-09-29T01:11:51Z (GMT). No. of bitstreams: 1
000371.pdf: 1875545 bytes, checksum: 700b0f082a744566b25351a8b3489d59 (MD5)",,"http://hdl.handle.net/123456789/30",,"en","IODP SODV","DSPD MONTHLY REPORTS 1983-1984 in file 000371.pdf",
"29","123456789/7","COL","2011-09-29T01:11:51Z",,"2011-09-29T01:11:51Z",,"2011-09-28",,,"Made available in DSpace on 2011-09-29T01:11:51Z (GMT). No. of bitstreams: 1
000405.pdf: 844414 bytes, checksum: 014bea719a26306e3992d1059bd8e779 (MD5)",,"http://hdl.handle.net/123456789/31",,"en","IODP SODV","DSPD MONTHLY REPORTS 1983-1984 in file 000405.pdf",
"127","123456789/7","COL","2011-09-29T01:14:48Z",,"2011-09-29T01:14:48Z",,"2011-09-28",,,"Made available in DSpace on 2011-09-29T01:14:48Z (GMT). No. of bitstreams: 1
001422.pdf: 13712183 bytes, checksum: cf80da9507da2866dd35dafd713fed14 (MD5)",,"http://hdl.handle.net/123456789/129",,"en","IODP SODV","Miscellaneous in file 001422.pdf",
"30","123456789/7","COL","2011-09-29T01:11:51Z",,"2011-09-29T01:11:51Z",,"2011-09-28",,,"Made available in DSpace on 2011-09-29T01:11:51Z (GMT). No. of bitstreams: 1
000418.pdf: 1042287 bytes, checksum: b17040ce92d8454ac4d19ba9bd67ccce (MD5)",,"http://hdl.handle.net/123456789/32",,"en","IODP SODV","DSPD MONTHLY REPORTS 1983-1984 in file 000418.pdf",
"31","123456789/7","COL","2011-09-29T01:11:51Z",,"2011-09-29T01:11:51Z",,"2011-09-28",,,"Made available in DSpace on 2011-09-29T01:11:51Z (GMT). No. of bitstreams: 1
000436.pdf: 737918 bytes, checksum: 65cb0e8453038a7a089757e8e662be31 (MD5)",,"http://hdl.handle.net/123456789/33",,"en","IODP SODV","DSPD MONTHLY REPORTS 1983-1984 in file 000436.pdf",
"32","123456789/7","COL","2011-09-29T01:11:51Z",,"2011-09-29T01:11:51Z",,"2011-09-28",,,"Made available in DSpace on 2011-09-29T01:11:51Z (GMT). No. of bitstreams: 1
000451.pdf: 835845 bytes, checksum: a2f3036c446d223059f375434eea7131 (MD5)",,"http://hdl.handle.net/123456789/34",,"en","IODP SODV","DSPD MONTHLY REPORTS 1983-1984 in file 000451.pdf",
"128","123456789/7","COL","2011-09-29T01:14:48Z",,"2011-09-29T01:14:48Z",,"2011-09-28",,,"Made available in DSpace on 2011-09-29T01:14:48Z (GMT). No. of bitstreams: 1
001430.pdf: 5122302 bytes, checksum: 292c8ae5a9c0ec060d3d0d2484435cb0 (MD5)",,"http://hdl.handle.net/123456789/130",,"en","IODP SODV","Miscellaneous in file 001430.pdf",
"33","123456789/7","COL","2011-09-29T01:11:51Z",,"2011-09-29T01:11:51Z",,"2011-09-28",,,"Made available in DSpace on 2011-09-29T01:11:51Z (GMT). No. of bitstreams: 1
000467.pdf: 700233 bytes, checksum: 017fb9306b450e35a10d776c2777ed6c (MD5)",,"http://hdl.handle.net/123456789/35",,"en","IODP SODV","DSPD MONTHLY REPORTS 1983-1984 in file 000467.pdf",
"34","123456789/7","COL","2011-09-29T01:11:52Z",,"2011-09-29T01:11:52Z",,"2011-09-28",,,"Made available in DSpace on 2011-09-29T01:11:52Z (GMT). No. of bitstreams: 1
000481.pdf: 1296949 bytes, checksum: ce4ed8f51b00b825f25072820e97ae0e (MD5)",,"http://hdl.handle.net/123456789/36",,"en","IODP SODV","DSPD MONTHLY REPORTS 1983-1984 in file 000481.pdf",
"35","123456789/7","COL","2011-09-29T01:11:52Z",,"2011-09-29T01:11:52Z",,"2011-09-28",,,"Made available in DSpace on 2011-09-29T01:11:52Z (GMT). No. of bitstreams: 1
000506.pdf: 878058 bytes, checksum: 4dd7d7da626090bbe29a348cd723a17b (MD5)",,"http://hdl.handle.net/123456789/37",,"en","IODP SODV","DSPD MONTHLY REPORTS 1983-1984 in file 000506.pdf",
"129","123456789/7","COL","2011-09-29T01:14:49Z",,"2011-09-29T01:14:49Z",,"2011-09-28",,,"Made available in DSpace on 2011-09-29T01:14:49Z (GMT). No. of bitstreams: 1
001434.pdf: 9303158 bytes, checksum: b3fdf1583b4358ec27425f43b4b325be (MD5)",,"http://hdl.handle.net/123456789/131",,"en","IODP SODV","Miscellaneous in file 001434.pdf",
"36","123456789/7","COL","2011-09-29T01:11:52Z",,"2011-09-29T01:11:52Z",,"2011-09-28",,,"Made available in DSpace on 2011-09-29T01:11:52Z (GMT). No. of bitstreams: 1
000525.pdf: 508507 bytes, checksum: 8949608015ebba49b82e4d92611d7a7f (MD5)",,"http://hdl.handle.net/123456789/38",,"en","IODP SODV","DSPD MONTHLY REPORTS 1983-1984 in file 000525.pdf",
"37","123456789/7","COL","2011-09-29T01:11:52Z",,"2011-09-29T01:11:52Z",,"2011-09-28",,,"Made available in DSpace on 2011-09-29T01:11:52Z (GMT). No. of bitstreams: 1
000537.pdf: 530808 bytes, checksum: ab278292cf20acd9a80bea67649fc6e6 (MD5)",,"http://hdl.handle.net/123456789/39",,"en","IODP SODV","DSPD MONTHLY REPORTS 1983-1984 in file 000537.pdf",
"38","123456789/7","COL","2011-09-29T01:11:52Z",,"2011-09-29T01:11:52Z",,"2011-09-28",,,"Made available in DSpace on 2011-09-29T01:11:52Z (GMT). No. of bitstreams: 1
000549.pdf: 551289 bytes, checksum: 9d50bba4ca97ba84cefdc99970c003d6 (MD5)",,"http://hdl.handle.net/123456789/40",,"en","IODP SODV","DSPD MONTHLY REPORTS 1983-1984 in file 000549.pdf",
"130","123456789/7","COL","2011-09-29T01:14:49Z",,"2011-09-29T01:14:49Z",,"2011-09-28",,,"Made available in DSpace on 2011-09-29T01:14:49Z (GMT). No. of bitstreams: 1
001442.pdf: 10761993 bytes, checksum: 17eaacef98e018b1e7da77b3072d0d98 (MD5)",,"http://hdl.handle.net/123456789/132",,"en","IODP SODV","Miscellaneous in file 001442.pdf",
"39","123456789/7","COL","2011-09-29T01:11:52Z",,"2011-09-29T01:11:52Z",,"2011-09-28",,,"Made available in DSpace on 2011-09-29T01:11:52Z (GMT). No. of bitstreams: 1
000561.pdf: 502925 bytes, checksum: 53f7e904af42b5dda7b65a320e5219a9 (MD5)",,"http://hdl.handle.net/123456789/41",,"en","IODP SODV","DSPD MONTHLY REPORTS 1983-1984 in file 000561.pdf",
"50","123456789/7","COL","2011-09-29T01:11:54Z",,"2011-09-29T01:11:54Z",,"2011-09-28",,,"Made available in DSpace on 2011-09-29T01:11:54Z (GMT). No. of bitstreams: 1
000688.pdf: 255728 bytes, checksum: 3f46ad76016b95b2f80c2aa639b33b88 (MD5)",,"http://hdl.handle.net/123456789/52",,"en","IODP SODV","DSPD MONTHLY REPORTS 1985 in file 000688.pdf",
"51","123456789/7","COL","2011-09-29T01:11:54Z",,"2011-09-29T01:11:54Z",,"2011-09-28",,,"Made available in DSpace on 2011-09-29T01:11:54Z (GMT). No. of bitstreams: 1
000697.pdf: 268637 bytes, checksum: a56ae6395c4aa548a590ea8a1605087e (MD5)",,"http://hdl.handle.net/123456789/53",,"en","IODP SODV","DSPD MONTHLY REPORTS 1985 in file 000697.pdf",
"131","123456789/7","COL","2011-09-29T01:14:49Z",,"2011-09-29T01:14:49Z",,"2011-09-28",,,"Made available in DSpace on 2011-09-29T01:14:49Z (GMT). No. of bitstreams: 1
001450.pdf: 4712284 bytes, checksum: 6faf4d3ffef82f74b0a537a53409cdad (MD5)",,"http://hdl.handle.net/123456789/133",,"en","IODP SODV","Miscellaneous in file 001450.pdf",
"52","123456789/7","COL","2011-09-29T01:11:54Z",,"2011-09-29T01:11:54Z",,"2011-09-28",,,"Made available in DSpace on 2011-09-29T01:11:54Z (GMT). No. of bitstreams: 1
000706.pdf: 218243 bytes, checksum: de96cfe4a7e02f98294b6d93415013e1 (MD5)",,"http://hdl.handle.net/123456789/54",,"en","IODP SODV","DSPD ORGANIZATION MANAGEMENT in file 000706.pdf",
"53","123456789/7","COL","2011-09-29T01:11:54Z",,"2011-09-29T01:11:54Z",,"2011-09-28",,,"Made available in DSpace on 2011-09-29T01:11:54Z (GMT). No. of bitstreams: 1
000712.pdf: 402617 bytes, checksum: 12a1f6dbdc96d60c9771af7145070029 (MD5)",,"http://hdl.handle.net/123456789/55",,"en","IODP SODV","DSPD ORGANIZATION MANAGEMENT in file 000712.pdf",
"54","123456789/7","COL","2011-09-29T01:11:54Z",,"2011-09-29T01:11:54Z",,"2011-09-28",,,"Made available in DSpace on 2011-09-29T01:11:54Z (GMT). No. of bitstreams: 1
000720.pdf: 1371468 bytes, checksum: 69a3ee5a1731d20b293ba3783ae9c834 (MD5)",,"http://hdl.handle.net/123456789/56",,"en","IODP SODV","DSPD ORGANIZATION MANAGEMENT in file 000720.pdf",
"132","123456789/7","COL","2011-09-29T01:14:49Z",,"2011-09-29T01:14:49Z",,"2011-09-28",,,"Made available in DSpace on 2011-09-29T01:14:49Z (GMT). No. of bitstreams: 1
001456.pdf: 3886510 bytes, checksum: e7778aca8fec64a99836f55f6296cdcb (MD5)",,"http://hdl.handle.net/123456789/134",,"en","IODP SODV","Miscellaneous in file 001456.pdf",
"55","123456789/7","COL","2011-09-29T01:11:55Z",,"2011-09-29T01:11:55Z",,"2011-09-28",,,"Made available in DSpace on 2011-09-29T01:11:55Z (GMT). No. of bitstreams: 1
000752.pdf: 168545 bytes, checksum: eebfa7b9e3805e3b4a3be8b3aeeb6ec8 (MD5)",,"http://hdl.handle.net/123456789/57",,"en","IODP SODV","DSPD PRESS RELEASES in file 000752.pdf",
"56","123456789/7","COL","2011-09-29T01:11:55Z",,"2011-09-29T01:11:55Z",,"2011-09-28",,,"Made available in DSpace on 2011-09-29T01:11:55Z (GMT). No. of bitstreams: 1
000756.pdf: 166247 bytes, checksum: a8af647f77162f95bd0059222ee42f8d (MD5)",,"http://hdl.handle.net/123456789/58",,"en","IODP SODV","DSPD PRESS RELEASES in file 000756.pdf",
"57","123456789/7","COL","2011-09-29T01:11:55Z",,"2011-09-29T01:11:55Z",,"2011-09-28",,,"Made available in DSpace on 2011-09-29T01:11:55Z (GMT). No. of bitstreams: 1
000760.pdf: 141242 bytes, checksum: cecd434dff9280bcfe8151f69d193eef (MD5)",,"http://hdl.handle.net/123456789/59",,"en","IODP SODV","DSPD PRESS RELEASES in file 000760.pdf",
"133","123456789/7","COL","2011-09-29T01:14:50Z",,"2011-09-29T01:14:50Z",,"2011-09-28",,,"Made available in DSpace on 2011-09-29T01:14:50Z (GMT). No. of bitstreams: 1
001462.pdf: 6187220 bytes, checksum: 8cb787c4485e2f2c8887a8aea0d091f4 (MD5)",,"http://hdl.handle.net/123456789/135",,"en","IODP SODV","Miscellaneous in file 001462.pdf",
"58","123456789/7","COL","2011-09-29T01:11:55Z",,"2011-09-29T01:11:55Z",,"2011-09-28",,,"Made available in DSpace on 2011-09-29T01:11:55Z (GMT). No. of bitstreams: 1
000763.pdf: 1356428 bytes, checksum: 03c0c403cee009d1e283ff9638d2a286 (MD5)",,"http://hdl.handle.net/123456789/60",,"en","IODP SODV","DSPD PRESS RELEASES in file 000763.pdf",
"59","123456789/7","COL","2011-09-29T01:11:55Z",,"2011-09-29T01:11:55Z",,"2011-09-28",,,"Made available in DSpace on 2011-09-29T01:11:55Z (GMT). No. of bitstreams: 1
000768.pdf: 169014 bytes, checksum: e8c823c3172ddb30079e2e6f1f495355 (MD5)",,"http://hdl.handle.net/123456789/61",,"en","IODP SODV","DSPD PRESS RELEASES in file 000768.pdf",
"60","123456789/7","COL","2011-09-29T01:11:56Z",,"2011-09-29T01:11:56Z",,"2011-09-28",,,"Made available in DSpace on 2011-09-29T01:11:56Z (GMT). No. of bitstreams: 1
000772.pdf: 109980 bytes, checksum: fc55b3214fed2841d1d98635f167cfb5 (MD5)",,"http://hdl.handle.net/123456789/62",,"en","IODP SODV","DSPD PRESS RELEASES in file 000772.pdf",
"134","123456789/7","COL","2011-09-29T01:14:50Z",,"2011-09-29T01:14:50Z",,"2011-09-28",,,"Made available in DSpace on 2011-09-29T01:14:50Z (GMT). No. of bitstreams: 1
001466.pdf: 9642065 bytes, checksum: 9b7c313c3e738c9f54ae0a9e4ebd8c25 (MD5)",,"http://hdl.handle.net/123456789/136",,"en","IODP SODV","Miscellaneous in file 001466.pdf",
"61","123456789/7","COL","2011-09-29T01:11:56Z",,"2011-09-29T01:11:56Z",,"2011-09-28",,,"Made available in DSpace on 2011-09-29T01:11:56Z (GMT). No. of bitstreams: 1
000774.pdf: 88921 bytes, checksum: a531ddc382a97c1097a956029af4f8ff (MD5)",,"http://hdl.handle.net/123456789/63",,"en","IODP SODV","DSPD PRESS RELEASES in file 000774.pdf",
"62","123456789/7","COL","2011-09-29T01:11:56Z",,"2011-09-29T01:11:56Z",,"2011-09-28",,,"Made available in DSpace on 2011-09-29T01:11:56Z (GMT). No. of bitstreams: 1
000776.pdf: 168677 bytes, checksum: d69580c8bdaa05f00f4072570ab4e5bb (MD5)",,"http://hdl.handle.net/123456789/64",,"en","IODP SODV","DSPD PRESS RELEASES in file 000776.pdf",
"63","123456789/7","COL","2011-09-29T01:11:56Z",,"2011-09-29T01:11:56Z",,"2011-09-28",,,"Made available in DSpace on 2011-09-29T01:11:56Z (GMT). No. of bitstreams: 1
000780.pdf: 145590 bytes, checksum: 42853421ce471c10657e295d40fc241d (MD5)",,"http://hdl.handle.net/123456789/65",,"en","IODP SODV","DSPD PRESS RELEASES in file 000780.pdf",
"135","123456789/7","COL","2011-09-29T01:14:50Z",,"2011-09-29T01:14:50Z",,"2011-09-28",,,"Made available in DSpace on 2011-09-29T01:14:50Z (GMT). No. of bitstreams: 1
001472.pdf: 5664692 bytes, checksum: f8b8ac5c3ca1756062b7ba6062156a67 (MD5)",,"http://hdl.handle.net/123456789/137",,"en","IODP SODV","Miscellaneous in file 001472.pdf",
"64","123456789/7","COL","2011-09-29T01:11:56Z",,"2011-09-29T01:11:56Z",,"2011-09-28",,,"Made available in DSpace on 2011-09-29T01:11:56Z (GMT). No. of bitstreams: 1
000783.pdf: 146254 bytes, checksum: 93115a8218cc9f4ba4e2b8eb6ff37307 (MD5)",,"http://hdl.handle.net/123456789/66",,"en","IODP SODV","DSPD PRESS RELEASES in file 000783.pdf",
"65","123456789/7","COL","2011-09-29T01:11:56Z",,"2011-09-29T01:11:56Z",,"2011-09-28",,,"Made available in DSpace on 2011-09-29T01:11:56Z (GMT). No. of bitstreams: 1
000786.pdf: 99749 bytes, checksum: 28c4e7522bd4d1fdbfa397cb1de7e079 (MD5)",,"http://hdl.handle.net/123456789/67",,"en","IODP SODV","DSPD PRESS RELEASES in file 000786.pdf",
"66","123456789/7","COL","2011-09-29T01:11:56Z",,"2011-09-29T01:11:56Z",,"2011-09-28",,,"Made available in DSpace on 2011-09-29T01:11:56Z (GMT). No. of bitstreams: 1
000788.pdf: 119059 bytes, checksum: f60fa7516b5b128c1c9766c83a4db419 (MD5)",,"http://hdl.handle.net/123456789/68",,"en","IODP SODV","DSPD PRESS RELEASES in file 000788.pdf",
"136","123456789/7","COL","2011-09-29T01:14:51Z",,"2011-09-29T01:14:51Z",,"2011-09-28",,,"Made available in DSpace on 2011-09-29T01:14:51Z (GMT). No. of bitstreams: 1
001476.pdf: 35672216 bytes, checksum: 751103ca0edb9aa9c74f936a94ac0fc6 (MD5)",,"http://hdl.handle.net/123456789/138",,"en","IODP SODV","Miscellaneous in file 001476.pdf",
"67","123456789/7","COL","2011-09-29T01:11:56Z",,"2011-09-29T01:11:56Z",,"2011-09-28",,,"Made available in DSpace on 2011-09-29T01:11:56Z (GMT). No. of bitstreams: 1
000791.pdf: 212528 bytes, checksum: 9abf78991478589d436a26ea0ba618ee (MD5)",,"http://hdl.handle.net/123456789/69",,"en","IODP SODV","DSPD PRESS RELEASES in file 000791.pdf",
"68","123456789/7","COL","2011-09-29T01:11:56Z",,"2011-09-29T01:11:56Z",,"2011-09-28",,,"Made available in DSpace on 2011-09-29T01:11:56Z (GMT). No. of bitstreams: 1
000795.pdf: 132993 bytes, checksum: 051253fa9e8ffe4a6237b8421ae09f03 (MD5)",,"http://hdl.handle.net/123456789/70",,"en","IODP SODV","DSPD PRESS RELEASES in file 000795.pdf",
"69","123456789/7","COL","2011-09-29T01:11:56Z",,"2011-09-29T01:11:56Z",,"2011-09-28",,,"Made available in DSpace on 2011-09-29T01:11:56Z (GMT). No. of bitstreams: 1
000798.pdf: 137398 bytes, checksum: 68bac51e42f4e90004ae9740298c5ca0 (MD5)",,"http://hdl.handle.net/123456789/71",,"en","IODP SODV","DSPD PRESS RELEASES in file 000798.pdf",
"137","123456789/7","COL","2011-09-29T01:14:52Z",,"2011-09-29T01:14:52Z",,"2011-09-28",,,"Made available in DSpace on 2011-09-29T01:14:52Z (GMT). No. of bitstreams: 1
001492.pdf: 27666032 bytes, checksum: fdd625993e032480efcf695506dfa946 (MD5)",,"http://hdl.handle.net/123456789/139",,"en","IODP SODV","Miscellaneous in file 001492.pdf",
"70","123456789/7","COL","2011-09-29T01:11:56Z",,"2011-09-29T01:11:56Z",,"2011-09-28",,,"Made available in DSpace on 2011-09-29T01:11:56Z (GMT). No. of bitstreams: 1
000801.pdf: 136622 bytes, checksum: 40420fd98a0105c86bbfcaa96134145b (MD5)",,"http://hdl.handle.net/123456789/72",,"en","IODP SODV","DSPD PRESS RELEASES in file 000801.pdf",
"71","123456789/7","COL","2011-09-29T01:11:57Z",,"2011-09-29T01:11:57Z",,"2011-09-28",,,"Made available in DSpace on 2011-09-29T01:11:57Z (GMT). No. of bitstreams: 1
000804.pdf: 168466 bytes, checksum: 4d17512d08c6d08e2d4f7b05d473023d (MD5)",,"http://hdl.handle.net/123456789/73",,"en","IODP SODV","DSPD PRESS RELEASES in file 000804.pdf",
"72","123456789/7","COL","2011-09-29T01:11:57Z",,"2011-09-29T01:11:57Z",,"2011-09-28",,,"Made available in DSpace on 2011-09-29T01:11:57Z (GMT). No. of bitstreams: 1
000807.pdf: 113845 bytes, checksum: 7872168ad08205931a53a7d34a046c45 (MD5)",,"http://hdl.handle.net/123456789/74",,"en","IODP SODV","DSPD PRESS RELEASES in file 000807.pdf",
"138","123456789/7","COL","2011-09-29T01:14:53Z",,"2011-09-29T01:14:53Z",,"2011-09-28",,,"Made available in DSpace on 2011-09-29T01:14:53Z (GMT). No. of bitstreams: 1
001504.pdf: 33828773 bytes, checksum: c02281c0c93cf022daa537428d6df413 (MD5)",,"http://hdl.handle.net/123456789/140",,"en","IODP SODV","Miscellaneous in file 001504.pdf",
"73","123456789/7","COL","2011-09-29T01:11:57Z",,"2011-09-29T01:11:57Z",,"2011-09-28",,,"Made available in DSpace on 2011-09-29T01:11:57Z (GMT). No. of bitstreams: 1
000809.pdf: 164168 bytes, checksum: 5c4b853ef8212193b1a8fe731503b804 (MD5)",,"http://hdl.handle.net/123456789/75",,"en","IODP SODV","DSPD PRESS RELEASES in file 000809.pdf",
"74","123456789/7","COL","2011-09-29T01:11:57Z",,"2011-09-29T01:11:57Z",,"2011-09-28",,,"Made available in DSpace on 2011-09-29T01:11:57Z (GMT). No. of bitstreams: 1
000813.pdf: 166511 bytes, checksum: 1780b697b209890a685ccefe0b7c4b7c (MD5)",,"http://hdl.handle.net/123456789/76",,"en","IODP SODV","DSPD PRESS RELEASES in file 000813.pdf",
"75","123456789/7","COL","2011-09-29T01:11:57Z",,"2011-09-29T01:11:57Z",,"2011-09-28",,,"Made available in DSpace on 2011-09-29T01:11:57Z (GMT). No. of bitstreams: 1
000817.pdf: 147389 bytes, checksum: cf7f244a10e2eb4fabe3771a1c856902 (MD5)",,"http://hdl.handle.net/123456789/77",,"en","IODP SODV","DSPD PRESS RELEASES in file 000817.pdf",
"139","123456789/7","COL","2011-09-29T01:14:54Z",,"2011-09-29T01:14:54Z",,"2011-09-28",,,"Made available in DSpace on 2011-09-29T01:14:54Z (GMT). No. of bitstreams: 1
001520.pdf: 34692825 bytes, checksum: f023a15024eb470083d6b0f81c63277e (MD5)",,"http://hdl.handle.net/123456789/141",,"en","IODP SODV","Miscellaneous in file 001520.pdf",
"76","123456789/7","COL","2011-09-29T01:11:57Z",,"2011-09-29T01:11:57Z",,"2011-09-28",,,"Made available in DSpace on 2011-09-29T01:11:57Z (GMT). No. of bitstreams: 1
000820.pdf: 127393 bytes, checksum: 0cebbb6436397331621d966e8333c95d (MD5)",,"http://hdl.handle.net/123456789/78",,"en","IODP SODV","DSPD PRESS RELEASES in file 000820.pdf",
"77","123456789/7","COL","2011-09-29T01:11:57Z",,"2011-09-29T01:11:57Z",,"2011-09-28",,,"Made available in DSpace on 2011-09-29T01:11:57Z (GMT). No. of bitstreams: 1
000823.pdf: 201423 bytes, checksum: cf3c964cca31c33f8064c8cc1e2302a7 (MD5)",,"http://hdl.handle.net/123456789/79",,"en","IODP SODV","DSPD PRESS RELEASES in file 000823.pdf",
"114","123456789/7","COL","2011-09-29T01:13:40Z",,"2011-09-29T01:13:40Z",,"2011-09-28",,,"Made available in DSpace on 2011-09-29T01:13:40Z (GMT). No. of bitstreams: 1
001254.pdf: 26373152 bytes, checksum: 07b9c452568671ece73e1b86b71144ae (MD5)",,"http://hdl.handle.net/123456789/116",,"en","IODP SODV","Miscellaneous in file 001254.pdf",
"78","123456789/7","COL","2011-09-29T01:11:57Z",,"2011-09-29T01:11:57Z",,"2011-09-28",,,"Made available in DSpace on 2011-09-29T01:11:57Z (GMT). No. of bitstreams: 1
000827.pdf: 203466 bytes, checksum: 30b985bcf7046c3b3587275a8197b8ad (MD5)",,"http://hdl.handle.net/123456789/80",,"en","IODP SODV","DSPD PRESS RELEASES in file 000827.pdf",
"40","123456789/7","COL","2011-09-29T01:11:52Z",,"2011-09-29T01:11:52Z",,"2011-09-28",,,"Made available in DSpace on 2011-09-29T01:11:52Z (GMT). No. of bitstreams: 1
000572.pdf: 406453 bytes, checksum: 9699daa7550e7a794dae9778f75137f5 (MD5)",,"http://hdl.handle.net/123456789/42",,"en","IODP SODV","DSPD MONTHLY REPORTS 1983-1984 in file 000572.pdf",
"79","123456789/7","COL","2011-09-29T01:11:57Z",,"2011-09-29T01:11:57Z",,"2011-09-28",,,"Made available in DSpace on 2011-09-29T01:11:57Z (GMT). No. of bitstreams: 1
000831.pdf: 248392 bytes, checksum: 55887c44f7e25d3f5cf4fbd835123904 (MD5)",,"http://hdl.handle.net/123456789/81",,"en","IODP SODV","DSPD PRESS RELEASES in file 000831.pdf",
"80","123456789/7","COL","2011-09-29T01:11:57Z",,"2011-09-29T01:11:57Z",,"2011-09-28",,,"Made available in DSpace on 2011-09-29T01:11:57Z (GMT). No. of bitstreams: 1
000835.pdf: 162332 bytes, checksum: 4d42a6c518993e50c96f03f8353d3c23 (MD5)",,"http://hdl.handle.net/123456789/82",,"en","IODP SODV","DSPD PRESS RELEASES in file 000835.pdf",
"81","123456789/7","COL","2011-09-29T01:11:57Z",,"2011-09-29T01:11:57Z",,"2011-09-28",,,"Made available in DSpace on 2011-09-29T01:11:57Z (GMT). No. of bitstreams: 1
000838.pdf: 61531 bytes, checksum: b1579e9f61ecdb2fd0406bb7484c1da6 (MD5)",,"http://hdl.handle.net/123456789/83",,"en","IODP SODV","DSPD PRESS RELEASES in file 000838.pdf",
"82","123456789/7","COL","2011-09-29T01:11:58Z",,"2011-09-29T01:11:58Z",,"2011-09-28",,,"Made available in DSpace on 2011-09-29T01:11:58Z (GMT). No. of bitstreams: 1
000840.pdf: 113973 bytes, checksum: 6c2e0350424867633a0b976f8021985b (MD5)",,"http://hdl.handle.net/123456789/84",,"en","IODP SODV","DSPD PRESS RELEASES in file 000840.pdf",
"83","123456789/7","COL","2011-09-29T01:11:58Z",,"2011-09-29T01:11:58Z",,"2011-09-28",,,"Made available in DSpace on 2011-09-29T01:11:58Z (GMT). No. of bitstreams: 1
000842.pdf: 1382119 bytes, checksum: 17fc8249ea8ca0a4d31323d2cc38059b (MD5)",,"http://hdl.handle.net/123456789/85",,"en","IODP SODV","NANSEN ICE BREAKER in file 000842.pdf",
"84","123456789/7","COL","2011-09-29T01:11:58Z",,"2011-09-29T01:11:58Z",,"2011-09-28",,,"Made available in DSpace on 2011-09-29T01:11:58Z (GMT). No. of bitstreams: 1
000858.pdf: 29320777 bytes, checksum: b828ce23d4de5140b5eb120e10fb0bc8 (MD5)",,"http://hdl.handle.net/123456789/86",,"en","IODP SODV","NANSEN ICE BREAKER in file 000858.pdf",
"85","123456789/7","COL","2011-09-29T01:11:59Z",,"2011-09-29T01:11:59Z",,"2011-09-28",,,"Made available in DSpace on 2011-09-29T01:11:59Z (GMT). No. of bitstreams: 1
000870.pdf: 28764982 bytes, checksum: 5ffbb3b3cb0d29fb3248f55d282bbac9 (MD5)",,"http://hdl.handle.net/123456789/87",,"en","IODP SODV","NANSEN ICE BREAKER in file 000870.pdf",
"86","123456789/7","COL","2011-09-29T01:12:00Z",,"2011-09-29T01:12:00Z",,"2011-09-28",,,"Made available in DSpace on 2011-09-29T01:12:00Z (GMT). No. of bitstreams: 1
000882.pdf: 28967879 bytes, checksum: c30f7796bdc02b8d3872685c4444b969 (MD5)",,"http://hdl.handle.net/123456789/88",,"en","IODP SODV","NANSEN ICE BREAKER in file 000882.pdf",
"87","123456789/7","COL","2011-09-29T01:12:00Z",,"2011-09-29T01:12:00Z",,"2011-09-28",,,"Made available in DSpace on 2011-09-29T01:12:00Z (GMT). No. of bitstreams: 1
000894.pdf: 24167619 bytes, checksum: 89456fcbbdbac1060d300b0a393fa0e1 (MD5)",,"http://hdl.handle.net/123456789/89",,"en","IODP SODV","NANSEN ICE BREAKER in file 000894.pdf",
"88","123456789/7","COL","2011-09-29T01:12:01Z",,"2011-09-29T01:12:01Z",,"2011-09-28",,,"Made available in DSpace on 2011-09-29T01:12:01Z (GMT). No. of bitstreams: 1
000906.pdf: 25919022 bytes, checksum: 26d15aeb6cb9d0265cd347e311f26963 (MD5)",,"http://hdl.handle.net/123456789/90",,"en","IODP SODV","NANSEN ICE BREAKER in file 000906.pdf",
"89","123456789/7","COL","2011-09-29T01:12:01Z",,"2011-09-29T01:12:01Z",,"2011-09-28",,,"Made available in DSpace on 2011-09-29T01:12:01Z (GMT). No. of bitstreams: 1
000918.pdf: 26335117 bytes, checksum: 290d974e19d4ac601affe6c398d6e195 (MD5)",,"http://hdl.handle.net/123456789/91",,"en","IODP SODV","NANSEN ICE BREAKER in file 000918.pdf",
"90","123456789/7","COL","2011-09-29T01:12:02Z",,"2011-09-29T01:12:02Z",,"2011-09-28",,,"Made available in DSpace on 2011-09-29T01:12:02Z (GMT). No. of bitstreams: 1
000930.pdf: 24708863 bytes, checksum: ca9db3819ce894d6d8e73bf26e7b0c32 (MD5)",,"http://hdl.handle.net/123456789/92",,"en","IODP SODV","NANSEN ICE BREAKER in file 000930.pdf",
"91","123456789/7","COL","2011-09-29T01:12:02Z",,"2011-09-29T01:12:02Z",,"2011-09-28",,,"Made available in DSpace on 2011-09-29T01:12:02Z (GMT). No. of bitstreams: 1
000942.pdf: 20166799 bytes, checksum: 0a4d6f7115246acd5b56d6ec0056774e (MD5)",,"http://hdl.handle.net/123456789/93",,"en","IODP SODV","NANSEN ICE BREAKER in file 000942.pdf",
"92","123456789/7","COL","2011-09-29T01:12:02Z",,"2011-09-29T01:12:02Z",,"2011-09-28",,,"Made available in DSpace on 2011-09-29T01:12:02Z (GMT). No. of bitstreams: 1
000950.pdf: 17912725 bytes, checksum: 9bd7044375eceb6591d5d601b1c01eb7 (MD5)",,"http://hdl.handle.net/123456789/94",,"en","IODP SODV","NANSEN ICE BREAKER in file 000950.pdf",
"93","123456789/7","COL","2011-09-29T01:12:03Z",,"2011-09-29T01:12:03Z",,"2011-09-28",,,"Made available in DSpace on 2011-09-29T01:12:03Z (GMT). No. of bitstreams: 1
000958.pdf: 17891570 bytes, checksum: 609454e7105a7df0839fbd2d15d2ef1e (MD5)",,"http://hdl.handle.net/123456789/95",,"en","IODP SODV","NANSEN ICE BREAKER in file 000958.pdf",
"94","123456789/7","COL","2011-09-29T01:12:03Z",,"2011-09-29T01:12:03Z",,"2011-09-28",,,"Made available in DSpace on 2011-09-29T01:12:03Z (GMT). No. of bitstreams: 1
000966.pdf: 22734993 bytes, checksum: ed9ea89983a0a70a2a4bde1cd4566e63 (MD5)",,"http://hdl.handle.net/123456789/96",,"en","IODP SODV","NANSEN ICE BREAKER in file 000966.pdf",
"95","123456789/7","COL","2011-09-29T01:12:03Z",,"2011-09-29T01:12:03Z",,"2011-09-28",,,"Made available in DSpace on 2011-09-29T01:12:03Z (GMT). No. of bitstreams: 1
000978.pdf: 412128 bytes, checksum: 06e350bc5a3d97c98b7d4e409627f821 (MD5)",,"http://hdl.handle.net/123456789/97",,"en","IODP SODV","PHOTOS in file 000978.pdf",
"96","123456789/7","COL","2011-09-29T01:12:03Z",,"2011-09-29T01:12:03Z",,"2011-09-28",,,"Made available in DSpace on 2011-09-29T01:12:03Z (GMT). No. of bitstreams: 1
000979.pdf: 230881 bytes, checksum: 40c7ca2f9068ef6bbca56ec442d76b02 (MD5)",,"http://hdl.handle.net/123456789/98",,"en","IODP SODV","PHOTOS in file 000979.pdf",
"97","123456789/7","COL","2011-09-29T01:12:03Z",,"2011-09-29T01:12:03Z",,"2011-09-28",,,"Made available in DSpace on 2011-09-29T01:12:03Z (GMT). No. of bitstreams: 1
000980.pdf: 363410 bytes, checksum: a00abe62b6fe5fde497342d5e8cd14b7 (MD5)",,"http://hdl.handle.net/123456789/99",,"en","IODP SODV","PHOTOS in file 000980.pdf",
"98","123456789/7","COL","2011-09-29T01:12:04Z",,"2011-09-29T01:12:04Z",,"2011-09-28",,,"Made available in DSpace on 2011-09-29T01:12:04Z (GMT). No. of bitstreams: 1
000981.pdf: 47239801 bytes, checksum: 5bbfbfca5397b519a2631e6622a95ca4 (MD5)",,"http://hdl.handle.net/123456789/100",,"en","IODP SODV","JOI-USSAC NEWSLETTERS in file 000981.pdf",
"113","123456789/7","COL","2011-09-29T01:13:33Z",,"2011-09-29T01:13:33Z",,"2011-09-28",,,"Made available in DSpace on 2011-09-29T01:13:33Z (GMT). No. of bitstreams: 1
001224.pdf: 60294490 bytes, checksum: 201ba0ace905839a9472ce297e493ad8 (MD5)",,"http://hdl.handle.net/123456789/115",,"en","IODP SODV","Miscellaneous in file 001224.pdf",
"99","123456789/7","COL","2011-09-29T01:12:05Z",,"2011-09-29T01:12:05Z",,"2011-09-28",,,"Made available in DSpace on 2011-09-29T01:12:05Z (GMT). No. of bitstreams: 1
001013.pdf: 24386086 bytes, checksum: 340fbfaa21fd5063c1cdac8a68d8ccd5 (MD5)",,"http://hdl.handle.net/123456789/101",,"en","IODP SODV","JOI-USSAC NEWSLETTERS in file 001013.pdf",
"100","123456789/7","COL","2011-09-29T01:12:05Z",,"2011-09-29T01:12:05Z",,"2011-09-28",,,"Made available in DSpace on 2011-09-29T01:12:05Z (GMT). No. of bitstreams: 1
001025.pdf: 25897799 bytes, checksum: 21bb679c51dfd8e031bf835c9d88f35d (MD5)",,"http://hdl.handle.net/123456789/102",,"en","IODP SODV","JOI-USSAC NEWSLETTERS in file 001025.pdf",
"101","123456789/7","COL","2011-09-29T01:12:06Z",,"2011-09-29T01:12:06Z",,"2011-09-28",,,"Made available in DSpace on 2011-09-29T01:12:06Z (GMT). No. of bitstreams: 1
001037.pdf: 21298131 bytes, checksum: a438ac82dcde93df7ad8f7c0211ad26d (MD5)",,"http://hdl.handle.net/123456789/103",,"en","IODP SODV","JOI-USSAC NEWSLETTERS in file 001037.pdf",
"102","123456789/7","COL","2011-09-29T01:12:12Z",,"2011-09-29T01:12:12Z",,"2011-09-28",,,"Made available in DSpace on 2011-09-29T01:12:12Z (GMT). No. of bitstreams: 1
001049.pdf: 22425610 bytes, checksum: abd722ec48af6f19181d493e6dfa8392 (MD5)",,"http://hdl.handle.net/123456789/104",,"en","IODP SODV","JOI-USSAC NEWSLETTERS in file 001049.pdf",
"103","123456789/7","COL","2011-09-29T01:12:13Z",,"2011-09-29T01:12:13Z",,"2011-09-28",,,"Made available in DSpace on 2011-09-29T01:12:13Z (GMT). No. of bitstreams: 1
001061.pdf: 23291396 bytes, checksum: 19d2dc6ab57be150eac4c77539797c85 (MD5)",,"http://hdl.handle.net/123456789/105",,"en","IODP SODV","JOI-USSAC NEWSLETTERS in file 001061.pdf",
"104","123456789/7","COL","2011-09-29T01:12:13Z",,"2011-09-29T01:12:13Z",,"2011-09-28",,,"Made available in DSpace on 2011-09-29T01:12:13Z (GMT). No. of bitstreams: 1
001073.pdf: 22104849 bytes, checksum: 335a847e3879d23ace60ddde4e95f063 (MD5)",,"http://hdl.handle.net/123456789/106",,"en","IODP SODV","JOI-USSAC NEWSLETTERS in file 001073.pdf",
"105","123456789/7","COL","2011-09-29T01:12:13Z",,"2011-09-29T01:12:13Z",,"2011-09-28",,,"Made available in DSpace on 2011-09-29T01:12:13Z (GMT). No. of bitstreams: 1
001085.pdf: 22461336 bytes, checksum: 88059ca2a3982d2bb3b0b175e23750d3 (MD5)",,"http://hdl.handle.net/123456789/107",,"en","IODP SODV","JOI-USSAC NEWSLETTERS in file 001085.pdf",
"106","123456789/7","COL","2011-09-29T01:12:14Z",,"2011-09-29T01:12:14Z",,"2011-09-28",,,"Made available in DSpace on 2011-09-29T01:12:14Z (GMT). No. of bitstreams: 1
001097.pdf: 24164702 bytes, checksum: 076d201cc7e85a376a52eb0b1898de3c (MD5)",,"http://hdl.handle.net/123456789/108",,"en","IODP SODV","JOI-USSAC NEWSLETTERS in file 001097.pdf",
"107","123456789/7","COL","2011-09-29T01:12:15Z",,"2011-09-29T01:12:15Z",,"2011-09-28",,,"Made available in DSpace on 2011-09-29T01:12:15Z (GMT). No. of bitstreams: 1
001109.pdf: 23028803 bytes, checksum: 94c86fe5e26791dba8132454b888c710 (MD5)",,"http://hdl.handle.net/123456789/109",,"en","IODP SODV","JOI-USSAC NEWSLETTERS in file 001109.pdf",
"108","123456789/7","COL","2011-09-29T01:12:15Z",,"2011-09-29T01:12:15Z",,"2011-09-28",,,"Made available in DSpace on 2011-09-29T01:12:15Z (GMT). No. of bitstreams: 1
001121.pdf: 24389073 bytes, checksum: 9487b2195a9ae5d272b7f84a841c6d43 (MD5)",,"http://hdl.handle.net/123456789/110",,"en","IODP SODV","JOI-USSAC NEWSLETTERS in file 001121.pdf",
"109","123456789/7","COL","2011-09-29T01:12:15Z",,"2011-09-29T01:12:15Z",,"2011-09-28",,,"Made available in DSpace on 2011-09-29T01:12:15Z (GMT). No. of bitstreams: 1
001133.pdf: 21237549 bytes, checksum: 73d5653dfd16e06c88c86f73df297972 (MD5)",,"http://hdl.handle.net/123456789/111",,"en","IODP SODV","JOI-USSAC NEWSLETTERS in file 001133.pdf",
"110","123456789/7","COL","2011-09-29T01:12:16Z",,"2011-09-29T01:12:16Z",,"2011-09-28",,,"Made available in DSpace on 2011-09-29T01:12:16Z (GMT). No. of bitstreams: 1
001145.pdf: 35293845 bytes, checksum: 93f220ae1394af448252d4dfe95cda98 (MD5)",,"http://hdl.handle.net/123456789/112",,"en","IODP SODV","JOI-USSAC NEWSLETTERS in file 001145.pdf",
"111","123456789/7","COL","2011-09-29T01:12:16Z",,"2011-09-29T01:12:16Z",,"2011-09-28",,,"Made available in DSpace on 2011-09-29T01:12:16Z (GMT). No. of bitstreams: 1
001161.pdf: 7225008 bytes, checksum: fb27893f64972383b229675e01582b94 (MD5)",,"http://hdl.handle.net/123456789/113",,"en","IODP SODV","Miscellaneous in file 001161.pdf",
"112","123456789/7","COL","2011-09-29T01:12:17Z",,"2011-09-29T01:12:17Z",,"2011-09-28",,,"Made available in DSpace on 2011-09-29T01:12:17Z (GMT). No. of bitstreams: 1
001167.pdf: 9554564 bytes, checksum: 0ca3c8c800df58bf93e0914c702abfb8 (MD5)",,"http://hdl.handle.net/123456789/114",,"en","IODP SODV","Miscellaneous in file 001167.pdf",
